Feature,Importance
has_https,0.4338782213636557
slash_count,0.27221705741269375
digit_count,0.09504325392797092
special_char_count,0.06896241678494734
url_length,0.060312984785117166
subdomain_count,0.021180641170382358
domain_length,0.018217137507849496
dot_count,0.015989966786816055
has_dash,0.012806505538838556
has_suspicious_words,0.0012552498878561301
has_at_symbol,0.00013524327980476405
has_ip_address,1.3215540679504772e-06
