Model,Accuracy,Precision,Recall,F1 Score
Logistic Regression,0.9932992641913526,0.9996982650238874,0.9846451037693794,0.9921145880121774
Decision Tree,0.9956317988082869,0.9989014829979528,0.9908861261082768,0.9948776606325841
Random Forest,0.9957378231090566,0.9988021561189858,0.9912328495715489,0.9950031075201988
Gradient Boosting,0.9954197502067473,0.9992001999500125,0.9900936153350834,0.9946260635915808
